stairss.thisTrialN,stairss.stepSize,stairss.intensity,thisRow.t,notes,piloting,trial.started,fixation.started,grating.started,key_resp.started,fixation.stopped,grating.stopped,trial.stopped,corrAns,tilt,key_resp.corr,stairss.response,key_resp.rt,participant,session,date,expName,expVersion,psychopyVersion,frameRate,expStart,
0,2,10,0.04034816665807739,,False,0.02407783333910629,0.04034816665807739,0.5070485416508745,0.5070485416508745,0.5403161249996629,0.807043041655561,3.774005249986658,right,10,1,1,3.2658601666626055,01,001,2026-10-01_10h03.44.190,staircase tut1,,2026.2.3,59.972307792447225,2026-10-01 10h03.44.218798 +0530,
1,2,8,3.79040412500035,,,3.7741227083315607,3.79040412500035,4.273693791648839,4.273693791648839,4.290348749986151,4.573660750000272,4.824051541654626,left,-8,1,1,0.546151208342053,01,001,2026-10-01_10h03.44.190,staircase tut1,,2026.2.3,59.972307792447225,2026-10-01 10h03.44.218798 +0530,
2,2,6,4.840346999990288,,,4.824120166653302,4.840346999990288,5.323640166665427,5.323640166665427,5.340322458330775,5.623634458315792,5.7405757083324715,right,6,1,1,0.409182208328275,01,001,2026-10-01_10h03.44.190,staircase tut1,,2026.2.3,59.972307792447225,2026-10-01 10h03.44.218798 +0530,
3,2,4,5.756987291650148,,,5.740624666650547,5.756987291650148,6.2404025416471995,6.2404025416471995,6.257093708321918,6.540376499993727,6.823987333336845,left,-4,1,1,0.575467041664524,01,001,2026-10-01_10h03.44.190,staircase tut1,,2026.2.3,59.972307792447225,2026-10-01 10h03.44.218798 +0530,
4,1,2,6.84030154166976,,,6.824030874995515,6.84030154166976,7.3236882083292585,7.3236882083292585,7.340353416657308,7.623683333338704,7.92388354166178,left,-2,0,0,0.5991652916418388,01,001,2026-10-01_10h03.44.190,staircase tut1,,2026.2.3,59.972307792447225,2026-10-01 10h03.44.218798 +0530,
5,1,3,7.940362333320081,,,7.9239208749786485,7.940362333320081,8.423670874995878,8.423670874995878,8.440315291663865,8.723634541645879,8.940521166659892,left,-3,1,1,0.5091132500092499,01,001,2026-10-01_10h03.44.190,staircase tut1,,2026.2.3,59.972307792447225,2026-10-01 10h03.44.218798 +0530,
6,1,3,8.956977750000078,,,8.94055345832021,8.956977750000078,9.440390125004342,9.440390125004342,9.457062208326533,9.740322166646365,10.173943458328722,left,-3,1,1,0.7203374999808148,01,001,2026-10-01_10h03.44.190,staircase tut1,,2026.2.3,59.972307792447225,2026-10-01 10h03.44.218798 +0530,
7,1,3,10.190313125000102,,,10.17397745832568,10.190313125000102,10.673675583326258,10.673675583326258,10.690385041671107,10.973682708310662,11.073946666670963,right,3,1,1,0.38906083334586583,01,001,2026-10-01_10h03.44.190,staircase tut1,,2026.2.3,59.972307792447225,2026-10-01 10h03.44.218798 +0530,
8,1,2,11.090335958317155,,,11.073994541657157,11.090335958317155,11.573658624984091,11.573658624984091,11.590327249985421,11.873646166670369,12.007217999984277,right,2,1,1,0.4211417500046082,01,001,2026-10-01_10h03.44.190,staircase tut1,,2026.2.3,59.972307792447225,2026-10-01 10h03.44.218798 +0530,
9,1,2,12.023619208310265,,,12.007249541667989,12.023619208310265,12.507077624992235,12.507077624992235,12.523715583316516,12.807062791660428,13.007353416644037,right,2,1,1,0.49265279166866094,01,001,2026-10-01_10h03.44.190,staircase tut1,,2026.2.3,59.972307792447225,2026-10-01 10h03.44.218798 +0530,
10,1,2,13.023709916655207,,,13.007397374982247,13.023709916655207,13.507047249993775,13.507047249993775,13.52373174999957,13.807014833320864,14.157238624989986,left,-2,1,1,0.6447249583143275,01,001,2026-10-01_10h03.44.190,staircase tut1,,2026.2.3,59.972307792447225,2026-10-01 10h03.44.218798 +0530,
11,1,1,14.173683375003748,,,14.157273916644044,14.173683375003748,14.656999583326979,14.656999583326979,14.673698166647227,14.95700549997855,15.107238833326846,right,1,1,1,0.43376637500477955,01,001,2026-10-01_10h03.44.190,staircase tut1,,2026.2.3,59.972307792447225,2026-10-01 10h03.44.218798 +0530,
12,1,1,15.12365795832011,,,15.107277791656088,15.12365795832011,15.607084874995053,15.607084874995053,15.623739749978995,15.90707499999553,16.307398291653953,left,-1,1,1,0.6855365416849963,01,001,2026-10-01_10h03.44.190,staircase tut1,,2026.2.3,59.972307792447225,2026-10-01 10h03.44.218798 +0530,
13,1,1,16.323757374979323,,,16.307452999986708,16.323757374979323,16.807052499993006,16.807052499993006,16.823700041655684,17.10701341665117,17.223800708336057,right,1,1,1,0.3999780416779686,01,001,2026-10-01_10h03.44.190,staircase tut1,,2026.2.3,59.972307792447225,2026-10-01 10h03.44.218798 +0530,
14,1,1,17.240344958321657,,,17.223839874990517,17.240344958321657,17.723683874995913,17.723683874995913,17.740347999992082,18.02367187498021,18.390532791643636,right,1,1,1,0.6529045416682493,01,001,2026-10-01_10h03.44.190,staircase tut1,,2026.2.3,59.972307792447225,2026-10-01 10h03.44.218798 +0530,
15,1,1,18.406985999987228,,,18.39056616666494,18.406985999987228,18.89042799998424,18.89042799998424,18.907010750001064,19.190428041649284,19.340626916644396,right,1,1,1,0.44213391668745317,01,001,2026-10-01_10h03.44.190,staircase tut1,,2026.2.3,59.972307792447225,2026-10-01 10h03.44.218798 +0530,
16,0.5,1,19.357051999977557,,,19.34065858332906,19.357051999977557,19.840415208338527,19.840415208338527,19.8570847499941,20.140376374998596,20.524023708334425,left,-1,0,0,0.6762149583373684,01,001,2026-10-01_10h03.44.190,staircase tut1,,2026.2.3,59.972307792447225,2026-10-01 10h03.44.218798 +0530,
17,0.5,1.5,20.540337749989703,,,20.52408216666663,20.540337749989703,21.02364491665503,21.02364491665503,21.040337583312066,21.32364512499771,21.5238982916635,right,1.5,1,1,0.49094775001867674,01,001,2026-10-01_10h03.44.190,staircase tut1,,2026.2.3,59.972307792447225,2026-10-01 10h03.44.218798 +0530,
18,0.5,1.5,21.540284499991685,,,21.523938708327478,21.540284499991685,22.023753874993417,22.023753874993417,22.040356249985052,22.323712041659746,22.473908416664926,left,-1.5,0,0,0.43975687501369976,01,001,2026-10-01_10h03.44.190,staircase tut1,,2026.2.3,59.972307792447225,2026-10-01 10h03.44.218798 +0530,
19,0.5,2.0,22.49039720831206,,,22.47394612498465,22.49039720831206,22.97371912500239,22.97371912500239,22.990403666655766,23.273704666644335,23.44056233332958,right,2.0,1,1,0.45377708331216127,01,001,2026-10-01_10h03.44.190,staircase tut1,,2026.2.3,59.972307792447225,2026-10-01 10h03.44.218798 +0530,
20,0.5,2.0,23.457040499983123,,,23.44059708333225,23.457040499983123,23.940332083322573,23.940332083322573,23.957001041650074,24.240321624994976,24.37386783331749,right,2.0,1,1,0.42522062500938773,01,001,2026-10-01_10h03.44.190,staircase tut1,,2026.2.3,59.972307792447225,2026-10-01 10h03.44.218798 +0530,
21,0.5,2.0,24.39035524998326,,,24.37389883332071,24.39035524998326,24.87376141664572,24.87376141664572,24.890426166646648,25.17373979164404,25.30732112500118,right,2.0,1,1,0.4206969583174214,01,001,2026-10-01_10h03.44.190,staircase tut1,,2026.2.3,59.972307792447225,2026-10-01 10h03.44.218798 +0530,
22,0.5,1.5,25.323760500003118,,,25.307356666657142,25.323760500003118,25.806992166646523,25.806992166646523,25.823734499979764,26.10705116664758,26.37397891667206,left,-1.5,1,1,0.5605198333214503,01,001,2026-10-01_10h03.44.190,staircase tut1,,2026.2.3,59.972307792447225,2026-10-01 10h03.44.218798 +0530,
23,0.5,1.5,26.390376916649984,,,26.374016249988927,26.390376916649984,26.87374287500279,26.87374287500279,26.890387958323117,27.173690666648326,27.44065862498246,right,1.5,1,1,0.5617753333353903,01,001,2026-10-01_10h03.44.190,staircase tut1,,2026.2.3,59.972307792447225,2026-10-01 10h03.44.218798 +0530,
24,0.5,1.5,27.456997749977745,,,27.440705499990145,27.456997749977745,27.940446749998955,27.940446749998955,27.957103499997174,28.24038983331411,28.34066266665468,right,1.5,1,1,0.38599808333674446,01,001,2026-10-01_10h03.44.190,staircase tut1,,2026.2.3,59.972307792447225,2026-10-01 10h03.44.218798 +0530,
25,0.5,1.0,28.357136958336923,,,28.340701333334437,28.357136958336923,28.840426874987315,28.840426874987315,28.857053124986123,29.140371083311038,29.37392333333264,left,-1.0,1,1,0.5300062500173226,01,001,2026-10-01_10h03.44.190,staircase tut1,,2026.2.3,59.972307792447225,2026-10-01 10h03.44.218798 +0530,
26,0.5,1.0,29.39038787499885,,,29.37395479166298,29.39038787499885,29.873712541651912,29.873712541651912,29.890370791661553,30.173688083334127,30.473898791649844,right,1.0,0,0,0.5876811249763705,01,001,2026-10-01_10h03.44.190,staircase tut1,,2026.2.3,59.972307792447225,2026-10-01 10h03.44.218798 +0530,
27,0.5,1.5,30.49036733331741,,,30.4739348749863,30.49036733331741,30.973690249986248,30.973690249986248,30.990347958315397,31.273790958337486,31.40736379165901,right,1.5,1,1,0.42464370833477005,01,001,2026-10-01_10h03.44.190,staircase tut1,,2026.2.3,59.972307792447225,2026-10-01 10h03.44.218798 +0530,
28,0.5,1.5,31.42377529165242,,,31.40739933331497,31.42377529165242,31.907083958329167,31.907083958329167,31.92373754165601,32.207053583319066,32.37398454165668,right,1.5,1,1,0.4594130000041332,01,001,2026-10-01_10h03.44.190,staircase tut1,,2026.2.3,59.972307792447225,2026-10-01 10h03.44.218798 +0530,
29,0.5,1.5,32.39040133333765,,,32.374016416666564,32.39040133333765,32.87369016665616,32.87369016665616,32.890389541658806,33.17370149999624,33.42392620831379,right,1.5,1,1,0.535644958348712,01,001,2026-10-01_10h03.44.190,staircase tut1,,2026.2.3,59.972307792447225,2026-10-01 10h03.44.218798 +0530,
30,0.5,1.0,33.44035741666448,,,33.42395808332367,33.44035741666448,33.92368912498932,33.92368912498932,33.94034183333861,34.223774791666074,34.54057324997848,left,-1.0,1,1,0.613634916691808,01,001,2026-10-01_10h03.44.190,staircase tut1,,2026.2.3,59.972307792447225,2026-10-01 10h03.44.218798 +0530,
31,0.5,1.0,34.557114208320854,,,34.54060374997789,34.557114208320854,35.04037654167041,35.04037654167041,35.057023416651646,35.34039270831272,35.59062350000022,left,-1.0,1,1,0.5358892916701734,01,001,2026-10-01_10h03.44.190,staircase tut1,,2026.2.3,59.972307792447225,2026-10-01 10h03.44.218798 +0530,
32,0.5,1.0,35.6070697499963,,,35.59065545833437,35.6070697499963,36.090368791657966,36.090368791657966,36.107055291649885,36.390373916656245,36.70726337499218,left,-1.0,1,1,0.6008767499879468,01,001,2026-10-01_10h03.44.190,staircase tut1,,2026.2.3,59.972307792447225,2026-10-01 10h03.44.218798 +0530,
33,0.5,1,36.72367595831747,,,36.707299166650046,36.72367595831747,37.207119208324,37.207119208324,37.223806041671196,37.507117833330994,37.6240439999965,left,-1,1,1,0.4060622083488852,01,001,2026-10-01_10h03.44.190,staircase tut1,,2026.2.3,59.972307792447225,2026-10-01 10h03.44.218798 +0530,
34,0.5,1,37.64040383332758,,,37.6240758333297,37.64040383332758,38.12375379164587,38.12375379164587,38.140430500003276,38.42377116665011,38.57392733331653,right,1,0,0,0.4494317083444912,01,001,2026-10-01_10h03.44.190,staircase tut1,,2026.2.3,59.972307792447225,2026-10-01 10h03.44.218798 +0530,
35,0.5,1.5,38.59044370832271,,,38.57395904164878,38.59044370832271,39.07373541666311,39.07373541666311,39.09037737498875,39.373714041663334,39.590565041668015,right,1.5,0,0,0.5014899166708346,01,001,2026-10-01_10h03.44.190,staircase tut1,,2026.2.3,59.972307792447225,2026-10-01 10h03.44.218798 +0530,
36,0.5,2.0,39.607060083333636,,,39.59059733332833,39.607060083333636,40.09035962499911,40.09035962499911,40.107026958314236,40.39043783332454,40.457380958338035,right,2.0,1,1,0.35496541668544523,01,001,2026-10-01_10h03.44.190,staircase tut1,,2026.2.3,59.972307792447225,2026-10-01 10h03.44.218798 +0530,
37,0.5,2.0,40.473840708320495,,,40.45741095833364,40.473840708320495,40.957123833330115,40.957123833330115,40.9738026666455,41.257082333322614,41.690654458332574,left,-2.0,1,1,0.7230549583327956,01,001,2026-10-01_10h03.44.190,staircase tut1,,2026.2.3,59.972307792447225,2026-10-01 10h03.44.218798 +0530,
38,0.5,2.0,41.707105208333815,,,41.69068845832953,41.707105208333815,42.19038699998055,42.19038699998055,42.20708112500142,42.49038654167089,42.90726579166949,right,2.0,1,1,0.7007737083476968,01,001,2026-10-01_10h03.44.190,staircase tut1,,2026.2.3,59.972307792447225,2026-10-01 10h03.44.218798 +0530,
39,0.5,1.5,42.923719083337346,,,42.90729720832314,42.923719083337346,43.40710295832832,43.40710295832832,43.42377179165487,43.70713458332466,43.874024874996394,right,1.5,1,1,0.4649667083285749,01,001,2026-10-01_10h03.44.190,staircase tut1,,2026.2.3,59.972307792447225,2026-10-01 10h03.44.218798 +0530,
40,0.5,1.5,43.890471874998184,,,43.87405887499335,43.890471874998184,44.3737744166574,44.3737744166574,44.39044187500258,44.6737748333253,44.97394066664856,left,-1.5,0,0,0.590317458321806,01,001,2026-10-01_10h03.44.190,staircase tut1,,2026.2.3,59.972307792447225,2026-10-01 10h03.44.218798 +0530,
41,0.5,2.0,44.99040799998329,,,44.97397383331554,44.99040799998329,45.47373087500455,45.47373087500455,45.49041462500463,45.773719291668385,45.92394204167067,right,2.0,1,1,0.43627949999063276,01,001,2026-10-01_10h03.44.190,staircase tut1,,2026.2.3,59.972307792447225,2026-10-01 10h03.44.218798 +0530,
42,0.5,2.0,45.940378083323594,,,45.92397070833249,45.940378083323594,46.42383241665084,46.42383241665084,46.44043566664914,46.7237817083369,46.840714916645084,right,2.0,1,1,0.4063682916457765,01,001,2026-10-01_10h03.44.190,staircase tut1,,2026.2.3,59.972307792447225,2026-10-01 10h03.44.218798 +0530,
43,0.5,2.0,46.85709554166533,,,46.8407459166483,46.85709554166533,47.34040649997769,47.34040649997769,47.35710508332704,47.640399166644784,47.72399037500145,left,-2.0,0,0,0.36863858334254473,01,001,2026-10-01_10h03.44.190,staircase tut1,,2026.2.3,59.972307792447225,2026-10-01 10h03.44.218798 +0530,
44,0.5,2.5,47.74043641667231,,,47.72402208333369,47.74043641667231,48.22375141666271,48.22375141666271,48.24042358333827,48.52375683331047,48.62399295833893,left,-2.5,0,0,0.38529554166598246,01,001,2026-10-01_10h03.44.190,staircase tut1,,2026.2.3,59.972307792447225,2026-10-01 10h03.44.218798 +0530,
45,0.5,3.0,48.64041766666924,,,48.624032916646684,48.64041766666924,49.12373383331578,49.12373383331578,49.14037599999574,49.42371495833504,49.824086291657295,left,-3.0,1,1,0.69723320833873,01,001,2026-10-01_10h03.44.190,staircase tut1,,2026.2.3,59.972307792447225,2026-10-01 10h03.44.218798 +0530,
46,0.5,3.0,49.84052349999547,,,49.82414433333906,49.84052349999547,50.32379666666384,50.32379666666384,50.340447708324064,50.62375245831208,50.79092474997742,right,3.0,1,1,0.46224595833336934,01,001,2026-10-01_10h03.44.190,staircase tut1,,2026.2.3,59.972307792447225,2026-10-01 10h03.44.218798 +0530,
47,0.5,3.0,50.80711287498707,,,50.79096545831999,50.80711287498707,51.290431166649796,51.290431166649796,51.307074124983046,51.590418708336074,51.740648583334405,right,3.0,1,1,0.4385960833460558,01,001,2026-10-01_10h03.44.190,staircase tut1,,2026.2.3,59.972307792447225,2026-10-01 10h03.44.218798 +0530,
48,0.5,2.5,51.75708675000351,,,51.74068783331313,51.75708675000351,52.24038487498183,52.24038487498183,52.257087041652994,52.54035816664691,52.95740499999374,left,-2.5,1,1,0.7005333749984857,01,001,2026-10-01_10h03.44.190,staircase tut1,,2026.2.3,59.972307792447225,2026-10-01 10h03.44.218798 +0530,
49,0.5,2.5,52.973826166649815,,,52.95743787498213,52.973826166649815,53.45714570832206,53.45714570832206,53.47381841664901,53.757142458314775,54.42387412500102,left,-2.5,0,0,0.9627473750151694,01,001,2026-10-01_10h03.44.190,staircase tut1,,2026.2.3,59.972307792447225,2026-10-01 10h03.44.218798 +0530,
50,0.5,3.0,54.4404427499976,,,54.42390812499798,54.4404427499976,54.92373112498899,54.92373112498899,54.94040604165639,55.223720458336174,55.457301791670034,right,3.0,1,1,0.5261844166670926,01,001,2026-10-01_10h03.44.190,staircase tut1,,2026.2.3,59.972307792447225,2026-10-01 10h03.44.218798 +0530,
51,0.5,3.0,55.47373420832446,,,55.45733445833321,55.47373420832446,55.957125416665804,55.957125416665804,55.97379912500037,56.25714999999036,56.45735399998375,right,3.0,1,1,0.48373487501521595,01,001,2026-10-01_10h03.44.190,staircase tut1,,2026.2.3,59.972307792447225,2026-10-01 10h03.44.218798 +0530,
52,0.5,3.0,56.473765833332436,,,56.457387708331225,56.473765833332436,56.95729150000261,56.95729150000261,56.97378620831296,57.25713299997733,57.590785624983255,left,-3.0,1,1,0.6185031249769963,01,001,2026-10-01_10h03.44.190,staircase tut1,,2026.2.3,59.972307792447225,2026-10-01 10h03.44.218798 +0530,
53,0.5,2.5,57.60710324998945,,,57.59084629165591,57.60710324998945,58.090425791655434,58.090425791655434,58.10710074999952,58.39041429167264,58.70730870831176,right,2.5,1,1,0.6084565833443776,01,001,2026-10-01_10h03.44.190,staircase tut1,,2026.2.3,59.972307792447225,2026-10-01 10h03.44.218798 +0530,
54,0.5,2.5,58.723734375002095,,,58.7073437916697,58.723734375002095,59.20719545832253,59.20719545832253,59.22382741665933,59.50714916666038,59.70736058332841,right,2.5,1,1,0.4915657500096131,01,001,2026-10-01_10h03.44.190,staircase tut1,,2026.2.3,59.972307792447225,2026-10-01 10h03.44.218798 +0530,
55,0.5,2.5,59.72379912500037,,,59.70739116665209,59.72379912500037,60.20714724998106,60.20714724998106,60.22378991666483,60.50712100000237,60.62403966666898,left,-2.5,0,0,0.40553595835808665,01,001,2026-10-01_10h03.44.190,staircase tut1,,2026.2.3,59.972307792447225,2026-10-01 10h03.44.218798 +0530,
56,0.5,3.0,60.640451041661436,,,60.62407112499932,60.640451041661436,61.123764333315194,61.123764333315194,61.140433708322234,61.42375429166714,61.790644749999046,left,-3.0,1,1,0.6570126666629221,01,001,2026-10-01_10h03.44.190,staircase tut1,,2026.2.3,59.972307792447225,2026-10-01 10h03.44.218798 +0530,
57,0.5,3.0,61.80709704165929,,,61.790678416669834,61.80709704165929,62.29046679165913,62.29046679165913,62.30716729167034,62.59050820831908,62.77409004166839,right,3.0,1,1,0.47527299998910166,01,001,2026-10-01_10h03.44.190,staircase tut1,,2026.2.3,59.972307792447225,2026-10-01 10h03.44.218798 +0530,
58,0.5,3.0,62.790508458332624,,,62.774120916670654,62.790508458332624,63.27383266665856,63.27383266665856,63.29045866665547,63.573781541665085,63.89067983333371,left,-3.0,1,1,0.6058228749898262,01,001,2026-10-01_10h03.44.190,staircase tut1,,2026.2.3,59.972307792447225,2026-10-01 10h03.44.218798 +0530,
59,0.5,2.5,63.90711545833619,,,63.89071195831639,63.90711545833619,64.39042141666869,64.39042141666869,64.40711870833184,64.69040945832967,65.12406904165982,left,-2.5,1,1,0.7282905833562836,01,001,2026-10-01_10h03.44.190,staircase tut1,,2026.2.3,59.972307792447225,2026-10-01 10h03.44.218798 +0530,
60,0.5,2.5,65.14049595833058,,,65.12409699999262,65.14049595833058,65.6237863333372,65.6237863333372,65.64049333331059,65.9238007083186,66.30740224997862,left,-2.5,0,0,0.6678203750052489,01,001,2026-10-01_10h03.44.190,staircase tut1,,2026.2.3,59.972307792447225,2026-10-01 10h03.44.218798 +0530,
61,0.5,3.0,66.323801166669,,,66.30743720833561,66.323801166669,66.80712958332151,66.80712958332151,66.82381454165443,67.10713033331558,67.32399000000441,right,3.0,1,1,0.5153872916707769,01,001,2026-10-01_10h03.44.190,staircase tut1,,2026.2.3,59.972307792447225,2026-10-01 10h03.44.218798 +0530,
62,0.5,3.0,67.34043320833007,,,67.32401991664665,67.34043320833007,67.82376708331867,67.82376708331867,67.84041874998366,68.12386554165278,68.3574200833391,right,3.0,1,1,0.530805499991402,01,001,2026-10-01_10h03.44.190,staircase tut1,,2026.2.3,59.972307792447225,2026-10-01 10h03.44.218798 +0530,
63,0.5,3.0,68.3738556666649,,,68.35744845832232,68.3738556666649,68.85721491667209,68.85721491667209,68.87382504166453,69.15712795831496,69.3407645416446,right,3.0,1,1,0.4734020416799467,01,001,2026-10-01_10h03.44.190,staircase tut1,,2026.2.3,59.972307792447225,2026-10-01 10h03.44.218798 +0530,
64,0.5,2.5,69.3571572083165,,,69.340796125005,69.3571572083165,69.84046216667048,69.84046216667048,69.8571388333221,70.14047645832761,70.3073580833152,right,2.5,1,1,0.45109175000106916,01,001,2026-10-01_10h03.44.190,staircase tut1,,2026.2.3,59.972307792447225,2026-10-01 10h03.44.218798 +0530,
65,0.5,2.5,70.32382970832987,,,70.30738970832317,70.32382970832987,70.80710674999864,70.80710674999864,70.82377600000473,71.10722516666283,71.44074716666364,left,-2.5,1,1,0.6173477916745469,01,001,2026-10-01_10h03.44.190,staircase tut1,,2026.2.3,59.972307792447225,2026-10-01 10h03.44.218798 +0530,
66,0.5,2.5,71.45716412499314,,,71.44079387499369,71.45716412499314,71.9405058749835,71.9405058749835,71.95718349999515,72.24045650000335,72.42409670833149,left,-2.5,1,1,0.47103279165457934,01,001,2026-10-01_10h03.44.190,staircase tut1,,2026.2.3,59.972307792447225,2026-10-01 10h03.44.218798 +0530,
67,0.5,2.0,72.44050312499166,,,72.42413295831648,72.44050312499166,72.92384154166211,72.92384154166211,72.94046666665236,73.22381799999857,73.40735383331776,left,-2.0,1,1,0.4806842083344236,01,001,2026-10-01_10h03.44.190,staircase tut1,,2026.2.3,59.972307792447225,2026-10-01 10h03.44.218798 +0530,
68,0.5,2.0,73.42380937500275,,,73.40738620833145,73.42380937500275,73.90711179166101,73.90711179166101,73.92377183333156,74.2072118333308,74.47409020832856,left,-2.0,1,1,0.554359416681109,01,001,2026-10-01_10h03.44.190,staircase tut1,,2026.2.3,59.972307792447225,2026-10-01 10h03.44.218798 +0530,
69,0.5,2.0,74.49055683333427,,,74.47412170833559,74.49055683333427,74.97387004166376,74.97387004166376,74.99050625000382,75.27384795833495,75.3573597916693,right,2.0,1,1,0.3805996250011958,01,001,2026-10-01_10h03.44.190,staircase tut1,,2026.2.3,59.972307792447225,2026-10-01 10h03.44.218798 +0530,
70,0.5,1.5,75.37386191665428,,,75.3573923749791,75.37386191665428,75.85715291666565,75.85715291666565,75.87382420833455,76.15712483332027,76.60746220831061,left,-1.5,0,0,0.7383345416455995,01,001,2026-10-01_10h03.44.190,staircase tut1,,2026.2.3,59.972307792447225,2026-10-01 10h03.44.218798 +0530,
71,0.5,2.0,76.62379299997701,,,76.6075144999777,76.62379299997701,77.1071039166709,77.1071039166709,77.1237844999996,77.40724658331601,77.89084687500144,left,-2.0,0,0,0.7773163749952801,01,001,2026-10-01_10h03.44.190,staircase tut1,,2026.2.3,59.972307792447225,2026-10-01 10h03.44.218798 +0530,
72,0.5,2.5,77.90721870833659,,,77.89089358333149,77.90721870833659,78.3904765000043,78.3904765000043,78.40719737499603,78.69052629166981,78.87409958333592,right,2.5,1,1,0.4747970833268482,01,001,2026-10-01_10h03.44.190,staircase tut1,,2026.2.3,59.972307792447225,2026-10-01 10h03.44.218798 +0530,
73,0.5,2.5,78.890493291663,,,78.87413699997705,78.890493291663,79.37381983333034,79.37381983333034,79.39046087500174,79.67382629166241,80.47413762498763,right,2.5,1,1,1.0894414583453909,01,001,2026-10-01_10h03.44.190,staircase tut1,,2026.2.3,59.972307792447225,2026-10-01 10h03.44.218798 +0530,
74,0.5,2.5,80.49056016665418,,,80.47417120833416,80.49056016665418,80.97389133332763,80.97389133332763,80.99055541664711,81.27386158332229,81.79074104165193,left,-2.5,1,1,0.8153553750016727,01,001,2026-10-01_10h03.44.190,staircase tut1,,2026.2.3,59.972307792447225,2026-10-01 10h03.44.218798 +0530,
75,0.5,2.0,81.80714374998934,,,81.79077983333264,81.80714374998934,82.29046975000529,82.29046975000529,82.30718358332524,82.59049370832508,82.67395845832652,left,-2.0,0,0,0.36902487502084114,01,001,2026-10-01_10h03.44.190,staircase tut1,,2026.2.3,59.972307792447225,2026-10-01 10h03.44.218798 +0530,
76,0.5,2.5,82.69050733331824,,,82.67399166667019,82.69050733331824,83.17382045832346,83.17382045832346,83.19046562499716,83.47392662498169,84.00747216664604,left,-2.5,1,1,0.8184584999980871,01,001,2026-10-01_10h03.44.190,staircase tut1,,2026.2.3,59.972307792447225,2026-10-01 10h03.44.218798 +0530,
77,0.5,2.5,84.02389087498887,,,84.00750320832594,84.02389087498887,84.5071369583311,84.5071369583311,84.52384970831918,84.80717858331627,85.00739479166805,right,2.5,1,1,0.498166333331028,01,001,2026-10-01_10h03.44.190,staircase tut1,,2026.2.3,59.972307792447225,2026-10-01 10h03.44.218798 +0530,
78,0.5,2.5,85.0238788749848,,,85.0074249166646,85.0238788749848,85.50714512498234,85.50714512498234,85.52378512499854,85.80715820833575,85.99070104165003,right,2.5,1,1,0.48012520832708105,01,001,2026-10-01_10h03.44.190,staircase tut1,,2026.2.3,59.972307792447225,2026-10-01 10h03.44.218798 +0530,
79,0.5,2.0,86.00718058331404,,,85.99074262499926,86.00718058331404,86.49045241664862,86.49045241664862,86.50728224997874,86.7905783749884,87.32413483332493,left,-2.0,1,1,0.8267103749967646,01,001,2026-10-01_10h03.44.190,staircase tut1,,2026.2.3,59.972307792447225,2026-10-01 10h03.44.218798 +0530,
80,0.5,2.0,87.34055854164762,,,87.32416912500048,87.34055854164762,87.82386824997957,87.82386824997957,87.84049358332413,88.12385670832009,88.47409791665268,left,-2.0,1,1,0.6352845833462197,01,001,2026-10-01_10h03.44.190,staircase tut1,,2026.2.3,59.972307792447225,2026-10-01 10h03.44.218798 +0530,
81,0.5,2.0,88.4904793750029,,,88.47412908333354,88.4904793750029,88.97381020832108,88.97381020832108,88.99047245833208,89.27381958332262,89.67416583333397,right,2.0,1,1,0.6843577083200216,01,001,2026-10-01_10h03.44.190,staircase tut1,,2026.2.3,59.972307792447225,2026-10-01 10h03.44.218798 +0530,
82,0.5,1.5,89.69059212499997,,,89.67419954165234,89.69059212499997,90.1738607083389,90.1738607083389,90.19058941665571,90.47389612498228,90.77410095831146,left,-1.5,1,1,0.5943097083363682,01,001,2026-10-01_10h03.44.190,staircase tut1,,2026.2.3,59.972307792447225,2026-10-01 10h03.44.218798 +0530,
83,0.5,1.5,90.79056033332017,,,90.7741295833257,90.79056033332017,91.2738664583303,91.2738664583303,91.2905279166589,91.57389262499055,91.99072116665775,right,1.5,1,1,0.7142585833498742,01,001,2026-10-01_10h03.44.190,staircase tut1,,2026.2.3,59.972307792447225,2026-10-01 10h03.44.218798 +0530,
84,0.5,1.5,92.00718362498446,,,91.9907580416475,92.00718362498446,92.49046041665133,92.49046041665133,92.50717229166185,92.79058879165677,93.02412170832395,right,1.5,1,1,0.5316247916489374,01,001,2026-10-01_10h03.44.190,staircase tut1,,2026.2.3,59.972307792447225,2026-10-01 10h03.44.218798 +0530,
85,0.5,1.0,93.04061295831343,,,93.02415266665048,93.04061295831343,93.5238972499792,93.5238972499792,93.5405824999907,93.82389199998579,94.05745137500344,left,-1.0,0,0,0.5271802916540764,01,001,2026-10-01_10h03.44.190,staircase tut1,,2026.2.3,59.972307792447225,2026-10-01 10h03.44.218798 +0530,
86,0.5,1.5,94.07381687499583,,,94.05748295833473,94.07381687499583,94.55719191665412,94.55719191665412,94.57385170832276,94.85719595832052,95.29069591665757,left,-1.5,0,0,0.7238660833390895,01,001,2026-10-01_10h03.44.190,staircase tut1,,2026.2.3,59.972307792447225,2026-10-01 10h03.44.218798 +0530,
87,0.5,2.0,95.3071497916535,,,95.29072691666079,95.3071497916535,95.7906024166441,95.7906024166441,95.80730154164485,96.09059545831406,96.29081325000152,right,2.0,1,1,0.48942570833605714,01,001,2026-10-01_10h03.44.190,staircase tut1,,2026.2.3,59.972307792447225,2026-10-01 10h03.44.218798 +0530,
88,0.5,2.0,96.30725429166341,,,96.2908492499846,96.30725429166341,96.7905695833324,96.7905695833324,96.80719487500028,97.09053991665132,97.9740621666715,left,-2.0,1,1,1.1803140416450333,01,001,2026-10-01_10h03.44.190,staircase tut1,,2026.2.3,59.972307792447225,2026-10-01 10h03.44.218798 +0530,
89,0.5,2.0,97.99052816667245,,,97.97409324999899,97.99052816667245,98.47384670833708,98.47384670833708,98.49049374999595,98.77384804165922,99.07413579165586,left,-2.0,1,1,0.5931240833306219,01,001,2026-10-01_10h03.44.190,staircase tut1,,2026.2.3,59.972307792447225,2026-10-01 10h03.44.218798 +0530,
90,0.5,1.5,99.09055233333493,,,99.07416600000579,99.09055233333493,99.5738870416535,99.5738870416535,99.59060937497998,99.87387304165168,100.32417066665948,left,-1.5,1,1,0.7480390000273474,01,001,2026-10-01_10h03.44.190,staircase tut1,,2026.2.3,59.972307792447225,2026-10-01 10h03.44.218798 +0530,
91,0.5,1.5,100.3405580833205,,,100.32420729164733,100.3405580833205,100.82386216666782,100.82386216666782,100.84051691665081,101.12388916665805,101.52406579165836,left,-1.5,1,1,0.6850203333597165,01,001,2026-10-01_10h03.44.190,staircase tut1,,2026.2.3,59.972307792447225,2026-10-01 10h03.44.218798 +0530,
92,0.5,1.5,101.54049062498962,,,101.52410383333336,101.54049062498962,102.02393670831225,102.02393670831225,102.04058254166739,102.323927166668,103.37414341664407,left,-1.5,1,1,1.3400914999947418,01,001,2026-10-01_10h03.44.190,staircase tut1,,2026.2.3,59.972307792447225,2026-10-01 10h03.44.218798 +0530,
93,0.5,1.0,103.39055633332464,,,103.37417970833485,103.39055633332464,103.87387158331694,103.87387158331694,103.89052716665901,104.17386524999165,104.42406012499123,left,-1.0,0,0,0.5339580000145361,01,001,2026-10-01_10h03.44.190,staircase tut1,,2026.2.3,59.972307792447225,2026-10-01 10h03.44.218798 +0530,
94,0.5,1.5,104.44051729165949,,,104.42409245832823,104.44051729165949,104.92384025000501,104.92384025000501,104.94051479166956,105.22395849999157,105.44082862499636,right,1.5,1,1,0.5019517916662153,01,001,2026-10-01_10h03.44.190,staircase tut1,,2026.2.3,59.972307792447225,2026-10-01 10h03.44.218798 +0530,
95,0.5,1.5,105.45725099998526,,,105.44085758333676,105.45725099998526,105.94058212498203,105.94058212498203,105.95717941666953,106.24055616665282,106.90745133333257,left,-1.5,0,0,0.9521187916689087,01,001,2026-10-01_10h03.44.190,staircase tut1,,2026.2.3,59.972307792447225,2026-10-01 10h03.44.218798 +0530,
96,0.5,2.0,106.92389491666108,,,106.90749041666277,106.92389491666108,107.40718112498871,107.40718112498871,107.42387558333576,107.70720945831272,107.84060529165436,right,2.0,1,1,0.4294793749868404,01,001,2026-10-01_10h03.44.190,staircase tut1,,2026.2.3,59.972307792447225,2026-10-01 10h03.44.218798 +0530,
97,0.5,2.0,107.85719462498673,,,107.84063649998279,107.85719462498673,108.34058958332753,108.34058958332753,108.3572518749861,108.64059249998536,109.14073533331975,left,-2.0,1,1,0.7962207083182875,01,001,2026-10-01_10h03.44.190,staircase tut1,,2026.2.3,59.972307792447225,2026-10-01 10h03.44.218798 +0530,
98,0.5,2.0,109.1572742916469,,,109.14076541666873,109.1572742916469,109.64056379164685,109.64056379164685,109.65725183332688,109.94054712497746,110.32407466665609,right,2.0,1,1,0.6681080833368469,01,001,2026-10-01_10h03.44.190,staircase tut1,,2026.2.3,59.972307792447225,2026-10-01 10h03.44.218798 +0530,
99,0.5,1.5,110.34052520833211,,,110.32410679166787,110.34052520833211,110.82385633332888,110.82385633332888,110.84052499997779,111.12383920833236,111.54090916665155,left,-1.5,0,0,0.708741333335638,01,001,2026-10-01_10h03.44.190,staircase tut1,,2026.2.3,59.972307792447225,2026-10-01 10h03.44.218798 +0530,
